time,FEC0,FEC1,FEC2,FEC3
20251001/0233_05,189.58915482162476,275.8223759185539,201.0715370384862,194.56463837710513
